/m/0ll1f78,0
/m/071qp,1
/m/026t6,2
/m/01nkt,3
/m/02rdsp,4
/m/09j2d,5
/m/01f91_,6
/m/05s2s,7
/m/015wgc,8
/m/012w5l,9
/m/014y4n,10
/m/01y9k5,11
/m/050gv4,12
/m/0gd2v,13
/m/013y1f,14
/m/02lbcq,15
/m/02vqfm,16
/m/02dgv,17
/m/0jbk,18
/m/04rky,19
/m/084zz,20
/m/02p5f1q,21
/m/09d5_,22
/m/0gxl3,23
/m/0cyf8,24
/m/0120dh,25
/m/029b3,26
/m/06c7f7,27
/m/018j2,28
/m/0271qf7,29
/m/01z1kdw,30
/m/061hd_,31
/m/040b_t,32
/m/0gjkl,33
/m/033rq4,34
/m/0cjs7,35
/m/06y5r,36
/m/0fly7,37
/m/018xm,38
/m/02dl1y,39
/m/030610,40
/m/09728,41
/m/03jm5,42
/m/0hqkz,43
/m/01r546,44
/m/03fwl,45
/m/0449p,46
/m/02z51p,47
/m/0lt4_,48
/m/017ftj,49
/m/084hf,50
/m/04p0qw,51
/m/02wv84t,52
/m/03ldnb,53
/m/014sv8,54
/m/07qxg_,55
/m/01j51,56
/m/04h7h,57
/m/01bjv,58
/m/05kyg_,59
/m/02h19r,60
/m/01xq0k1,61
/m/0cffdh,62
/m/03hj559,63
/m/07030,64
/m/03xxp,65
/m/0174k2,66
/m/0llzx,67
/m/0by6g,68
/m/0kmg4,69
/m/0h8lkj8,70
/m/054_l,71
/m/04dr76w,72
/m/0k1tl,73
/m/03vt0,74
/m/06__v,75
/m/050k8,76
/m/0dftk,77
/m/0hnyx,78
/m/03120,79
/m/01b638,80
/m/06l9r,81
/m/0qmmr,82
/m/02zn6n,83
/m/0fbdv,84
/m/035r7c,85
/m/01s105,86
/m/06_fw,87
/m/02jnhm,88
/m/01rzcn,89
/m/04szw,90
/m/0hf58v5,91
/m/0bjyj5,92
/m/03p3bw,93
/m/047j0r,94
/m/09qck,95
/m/01_bhs,96
/m/03v5tg,97
/m/0h9mv,98
/m/0cqn2,99
/m/02_n6y,100
/m/0zvk5,101
/m/01226z,102
/m/09f20,103
/m/02zt3,104
/m/03tw93,105
/m/01j3zr,106
/m/01lrl,107
/m/054fyh,108
/m/0pcr,109
/m/0174n1,110
/m/0ftb8,111
/m/0199g,112
/m/01x3z,113
/m/03l9g,114
/m/07c52,115
/m/04tn4x,116
/m/03q5t,117
/m/057cc,118
/m/02w3_ws,119
/m/0cyfs,120
/m/012n7d,121
/m/0nl46,122
/m/04c0y,123
/m/05ctyq,124
/m/07j87,125
/m/032b3c,126
/m/0c2jj,127
/m/03fp41,128
/m/015qff,129
/m/0b3fp9,130
/m/0gv1x,131
/m/01yrx,132
/m/01xgg_,133
/m/0898b,134
/m/0284d,135
/m/05z55,136
/m/0cdl1,137
/m/065h6l,138
/m/01m4t,139
/m/0hkxq,140
/m/06ncr,141
/m/07r04,142
/m/01940j,143
/m/05r5c,144
/m/0fp6w,145
/m/01x_v,146
/m/04rmv,147
/m/0jqgx,148
/m/025rp__,149
/m/052lwg6,150
/m/06msq,151
/m/01fh4r,152
/m/07k1x,153
/m/0270h,154
/m/027pcv,155
/m/02crq1,156
/m/047v4b,157
/m/06m11,158
/m/01d40f,159
/m/078jl,160
/m/07fbm7,161
/m/04v6l4,162
/m/02fq_6,163
/m/01599,164
/m/071p9,165
/m/06_72j,166
/m/0d4w1,167
/m/0dv9c,168
/m/09ddx,169
/m/02wg_p,170
/m/04brg2,171
/m/05kms,172
/m/04h8sr,173
/m/03hlz0c,174
/m/083kb,175
/m/0wdt60w,176
/m/01llwg,177
/m/02gzp,178
/m/058qzx,179
/m/0h8n27j,180
/m/03q69,181
/m/0663v,182
/m/05r655,183
/m/01gmv2,184
/m/0420v5,185
/m/0h2r6,186
/m/07clx,187
/m/0dbvp,188
/m/04yx4,189
/m/033cnk,190
/m/03kt2w,191
/m/0152hh,192
/m/01dwwc,193
/m/0dt3t,194
/m/02pdsw,195
/m/0b_rs,196
/m/02jz0l,197
/m/0kpqd,198
/m/07pj7bq,199
/m/02s195,200
/m/063rgb,201
/m/080hkjn,202
/m/02xwb,203
/m/02522,204
/m/05z6w,205
/m/0hg7b,206
/m/05y5lj,207
/m/0cmx8,208
/m/02x984l,209
/m/03qjg,210
/m/019jd,211
/m/07jdr,212
/m/07y_7,213
/m/03nfch,214
/m/099ssp,215
/m/01c648,216
/m/08pbxl,217
/m/09j5n,218
/m/0h8n6ft,219
/m/0dzf4,220
/m/0mcx2,221
/m/04vv5k,222
/m/0c06p,223
/m/0pg52,224
/m/0176mf,225
/m/019dx1,226
/m/04ctx,227
/m/0n28_,228
/m/07cmd,229
/m/01b7fy,230
/m/0h8kx63,231
/m/0cxn2,232
/m/01mqdt,233
/m/01x3jk,234
/m/084rd,235
/m/01ww8y,236
/m/0dbzx,237
/m/029tx,238
/m/011k07,239
/m/02zvsm,240
/m/079cl,241
/m/01bfm9,242
/m/02wmf,243
/m/0283dt1,244
/m/073bxn,245
/m/0h8mzrc,246
/m/03grzl,247
/m/014trl,248
/m/02pv19,249
/m/0jwn_,250
/m/0h8my_4,251
/m/05vtc,252
/m/0f6wt,253
/m/04bcr3,254
/m/01mzpv,255
/m/068zj,256
/m/0f6nr,257
/m/07c6l,258
/m/0k65p,259
/m/03c7gz,260
/m/09b5t,261
/m/044r5d,262
/m/06c54,263
/m/0703r8,264
/m/02pjr4,265
/m/039xj_,266
/m/096mb,267
/m/02x8cch,268
/m/03bk1,269
/m/03__z0,270
/m/0dtln,271
/m/07j7r,272
/m/078n6m,273
/m/0gm28,274
/m/02tsc9,275
/m/02wv6h6,276
/m/01bl7v,277
/m/01fdzj,278
/m/0dv5r,279
/m/0323sq,280
/m/01tcjp,281
/m/0cgh4,282
/m/02g30s,283
/m/03g8mr,284
/m/09kmb,285
/m/02hj4,286
/m/05zsy,287
/m/01xs3r,288
/m/0c_jw,289
/m/08hvt4,290
/m/031n1,291
/m/01gllr,292
/m/01krhy,293
/m/0l14j_,294
/m/04g2r,295
/m/076bq,296
/m/02p3w7d,297
/m/0hnnb,298
/m/02rgn06,299
/m/0_cp5,300
/m/0l3ms,301
/m/024g6,302
/m/01nq26,303
/m/07dm6,304
/m/04zpv,305
/m/029bxz,306
/m/0342h,307
/m/0cmf2,308
/m/07bgp,309
/m/0h8mhzd,310
/m/04hgtk,311
/m/0f4s2w,312
/m/01jfm_,313
/m/0388q,314
/m/01xyhv,315
/m/0mkg,316
/m/0fx9l,317
/m/02wbm,318
/m/015h_t,319
/m/0fqt361,320
/m/04gth,321
/m/018p4k,322
/m/0319l,323
/m/0cyhj_,324
/m/0ky7b,325
/m/083wq,326
/m/05_5p_0,327
/m/025dyy,328
/m/02p0tk3,329
/m/0cvnqh,330
/m/0ph39,331
/m/0bt_c3,332
/m/019w40,333
/m/01dxs,334
/m/0bt9lr,335
/m/02pkr5,336
/m/076lb9,337
/m/0138tl,338
/m/01j4z9,339
/m/01prls,340
/m/01xqw,341
/m/01m2v,342
/m/0130jx,343
/m/0jyfg,344
/m/0grw1,345
/m/0d5gx,346
/m/09csl,347
/m/01s55n,348
/m/09f_2,349
/m/03ssj5,350
/m/03qrc,351
/m/01n4qj,352
/m/02wbtzl,353
/m/01dws,354
/m/081qc,355
/m/03m3pdh,356
/m/0271t,357
/m/07v9_z,358
/m/0bh9flk,359
/m/07kng9,360
/m/0h23m,361
/m/0h99cwc,362
/m/03qhv5,363
/m/0268lbt,364
/m/0633h,365
/m/04m6gz,366
/m/01lsmm,367
/m/014j1m,368
/m/0fqfqc,369
/m/03hl4l9,370
/m/04kkgm,371
/m/054xkw,372
/m/0755b,373
/m/03m5k,374
/m/06mf6,375
/m/057p5t,376
/m/021sj1,377
/m/05gqfk,378
/m/0bwd_0j,379
/m/0cjq5,380
/m/0ch_cf,381
/m/01n5jq,382
/m/06z37_,383
/m/03rszm,384
/m/05441v,385
/m/0jg57,386
/m/0642b4,387
/m/01g3x7,388
/m/01yx86,389
/m/0czz2,390
/m/01bqk0,391
/m/0fszt,392
/m/06k2mb,393
/m/0k5j,394
/m/0c9ph5,395
/m/0dkzw,396
/m/0d4v4,397
/m/06nwz,398
/m/026qbn5,399
/m/0l515,400
/m/0crjs,401
/m/01gkx_,402
/m/01xygc,403
/m/03s_tn,404
/m/07mhn,405
/m/016m2d,406
/m/025nd,407
/m/0k4j,408
/m/0h8n6f9,409
/m/0220r2,410
/m/06nrc,411
/m/0p833,412
/m/01h3n,413
/m/09k_b,414
/m/0167gd,415
/m/01g317,416
/m/07gql,417
/m/01knjb,418
/m/0djtd,419
/m/0qjjc,420
/m/0h8n5zk,421
/m/0fz0h,422
/m/04yqq2,423
/m/03y6mg,424
/m/07xyvk,425
/m/09tvcd,426
/m/08dz3q,427
/m/03dnzn,428
/m/01jfsr,429
/m/0cd4d,430
/m/0dzct,431
/m/01rkbr,432
/m/01lcw4,433
/m/03bt1vf,434
/m/02vkqh8,435
/m/07yv9,436
/m/02068x,437
/m/020kz,438
/m/01j61q,439
/m/01_5g,440
/m/01pns0,441
/m/015p6,442
/m/04cp_,443
/m/0584n8,444
/m/02jvh9,445
/m/021mn,446
/m/03fj2,447
/m/0f571,448
/m/0h8l4fh,449
/m/04_sv,450
/m/0fm3zh,451
/m/01b9xk,452
/m/07dd4,453
/m/0cdn1,454
/m/01cmb2,455
/m/0306r,456
/m/034c16,457
/m/01lynh,458
/m/04169hn,459
/m/0gjbg72,460
/m/02y6n,461
/m/020lf,462
/m/0cnyhnx,463
/m/03bbps,464
/m/0k0pj,465
/m/03k3r,466
/m/0463sg,467
/m/015x4r,468
/m/03q5c7,469
/m/09ct_,470
/m/02jfl0,471
/m/031b6r,472
/m/09kx5,473
/m/02d9qx,474
/m/0h8nm9j,475
